编号,分类,来源,优先级,标题,问题/现状描述,改进方案,涉及文件,验收标准,是否完成
186,AI出题-审核流,用户需求,P0,AI 出题仍是直接入库缺少预览审核,/question-library/generate 在生成后立即 upsert_question_library_items，AiGenerateWorkspace 也明确写着“自动入库”；用户无法先预览、修改或拒绝题目。,新增 pending_review 草稿态：生成任务 done 返回 draft_questions 与 preview_id，不直接入库；增加“预览/通过/退回/编辑后入库”接口；用户审核通过后再批量写入本地题库，并保留审核记录。,backend/api/question_library.py; backend/api/question_library_schemas.py; backend/question_library/task_manager.py; backend/question_library/generation.py; frontend/src/pages/aiGenerate/AiGenerateWorkspace.tsx; frontend/src/pages/questionLibrary/hooks/useQuestionLibraryTasks.ts,AI 出题完成后先进入预览区；未审核题目不会进入本地题库；用户可逐题通过/删除后再正式入库。,yes
187,AI出题-体验,用户需求,P1,AI 出题任务缺少任务链接与 thinking 展示,前端已持有 taskId 但 RunPanel 不提供跳转任务中心/任务详情入口；question-library SSE 仅有 progress/step/item_saved/done/error，无 thinking 事件；当前页面也没有复用统一的 TaskProgressHeader。,在 AI 出题页增加任务链接（跳转 `/tasks?id={taskId}`）并复用 TaskProgressHeader；后端在 SourcePack/Spec Search/Draft Realization/Judge 等阶段输出 thinking 事件；前端像 StudyMaterials/LessonPlans 一样把 thinking 写入 TaskTimeline，同时显示当前阶段、进度和预计剩余。,backend/api/question_library.py; backend/question_library/task_manager.py; frontend/src/pages/aiGenerate/AiGenerateWorkspace.tsx; frontend/src/pages/questionLibrary/RunPanel.tsx; frontend/src/pages/questionLibrary/hooks/useQuestionLibraryTasks.ts; frontend/src/components/task/TaskProgressHeader.tsx,AI 出题运行时可一键打开任务中心；页面可看到阶段进度和 AI thinking 文本；刷新后仍能基于 taskId 恢复查看任务状态。,yes
188,题库-组卷联动,用户需求,P0,本地试题栏与组卷网导出来源规则未建立,当前题库只有单题“加入试题篮”按钮与 save_paper 流程，没有“本地试题栏”暂存区；同时 paper/download-link 会对 AI 题拼接 `https://zujuan.xkw.com/q/ai_xxx` 之类无效链接，系统也未阻止 AI 题与组卷网题混装。,新增 Question Bar（source_mode=local|zujuan）：加入第一道题时锁定来源模式；local 模式只允许本地/AI 题进入，等待组卷后本地导出；zujuan 模式只允许 crawled/组卷网题进入，导出到组卷网题篮；后端在保存试卷与生成下载链接前校验来源一致性，禁止混装。,frontend/src/pages/questionLibrary/*; frontend/src/pages/aiGenerate/AiGenerateWorkspace.tsx; frontend/src/stores/*; backend/api/question_library.py; backend/api/papers.py; backend/database/repositories/papers.py,加入试题栏后来源模式会被锁定；AI 题不会再生成伪组卷网链接；组卷网题与 AI 题不能混装到同一导出流。,yes
189,题库-导出,用户需求,P1,AI 题试题栏缺少直接 DOCX 导出链路,当前试卷导出仅支持 markdown/latex/pdf，PaperDetailPage 也没有 DOCX 入口；AI 题加入本地试题栏后无法按要求直接下载为 docx。,为本地试题栏/本地试卷新增 DOCX 导出：AI/local 模式直接生成包含题干、答案、解析的 DOCX；组卷网模式隐藏 DOCX 下载并改为“导出到组卷网”；前端按 source_mode 切换导出按钮。,backend/api/papers.py; backend/paper_compose/export.py; frontend/src/api/papers.ts; frontend/src/pages/PaperDetailPage.tsx; frontend/src/pages/questionLibrary/*,本地 AI 题试卷可直接下载 DOCX；组卷网模式不出现本地 DOCX 导出；导出文档支持答案/解析开关。,yes
190,题库-答案展示,用户需求,P1,题库答案解析不是点击题目后内联展开/折叠,QuestionDetailPane 只有在 origin===ai 时才显示 answer/analysis，且需要右侧详情面板或弹窗；已有答案的 crawled/local 题也不会在列表中就地展开。,为题库列表与卡片增加 inline accordion：点击题目主体首次展开答案/解析，再次点击折叠；列表接口增加 has_answer/has_analysis 标记并按需懒加载详情；去掉仅 origin===ai 才展示答案的限制，只要缓存里有答案就显示。,backend/api/question_library.py; backend/api/question_library_schemas.py; frontend/src/pages/questionLibrary/QuestionLibraryCard.tsx; frontend/src/pages/questionLibrary/QuestionListPane.tsx; frontend/src/pages/questionLibrary/QuestionDetailPane.tsx; frontend/src/api/questionLibrary.ts,题库中任意存在答案的题点击后都能在题目下方展开答案/解析并再次点击折叠；无答案题不会出现空白展开区。,yes
191,AI出题-质量,根因分析,P0,realize_drafts JSON截断导致题目生成失败,LESSON_PLAN_MAX_TOKENS默认2000对含LaTeX数学题的JSON极易截断（一道完整题含stem+answer+analysis需800-1500 tokens）；虽有retry降为1道但仍不能根治；truncation导致_extract_json_value解析失败返回空列表,将LESSON_PLAN_MAX_TOKENS默认值提至4000-6000或在.env中设置LESSON_PLAN_MAX_TOKENS=5000；realize_drafts内temperature已cap到0.35但max_tokens受settings全局值限制；可在realize_drafts内单独设置更高的max_tokens而不依赖全局,backend/question_library/generation.py; backend/core/settings.py; .env,生成数学题时JSON截断导致的空返回率从约30%降到<5%；realize_drafts连续10次调用至少9次返回非空列表,yes
192,AI出题-质量,根因分析,P0,solve_draft答案验证match=False直接跳过judge导致大量误淘汰,solve_draft用同一LLM独立解题后与参考答案比对；数学答案形式多样（等价表达/不同化简）导致match经常为False；一旦False就直接设judge.pass=False并跳过后续judge_draft评审（generation.py line 1243-1244）,将solve_draft match=False改为扣分机制而非一票否决：match=False时仍调用judge_draft评审但在overall_score上扣10-15分；或引入solver_consensus_n=2做多数投票（配置已存在于DEFAULT_SEARCH_CONFIG但未被使用）,backend/question_library/generation.py,solve_draft答案不一致的题目仍有机会被评审通过；通过率提升约20-30%；等价答案形式不再被误杀,yes
193,AI出题-质量,根因分析,P0,judge_pass_score=80门槛过高导致大量可用题被淘汰,通过条件为双重门槛：LLM必须返回pass=true且overall_score>=80（generation.py line 1257）；LLM评分波动±10-15分导致同一题多次评审可能时过时不过；分数79的题也被拒,将judge_pass_score从80降至65-70；或改为单一条件（只看分数不看pass字段）；同时可提高drafts_per_spec从2到3增加候选数量弥补通过率,backend/question_library/generation.py,judge通过率从约25%提升至45-55%；用户请求5道题时实际产出5道的成功率显著提升,yes
194,AI出题-质量,根因分析,P1,check_ambiguity一票否决导致歧义敏感题被强制淘汰,check_ambiguity返回ambiguous=true时直接设judge.pass=False（generation.py line 1249-1254）不管judge评分多高；LLM对数学题歧义判断过于保守（如参数取值范围可能多解即判为ambiguous）,将ambiguity结果改为扣分而非一票否决：ambiguous=true时对overall_score扣5-10分并在issues中标注供人工审核；不再强制pass=False,backend/question_library/generation.py,歧义检查不再成为题目的硬性淘汰条件；更多有一定歧义但质量尚可的题目能进入审核预览,yes
195,AI出题-质量,根因分析,P1,max_repair_rounds=1且repair_score_band=12导致修复机会太少,默认最多修复1轮（generation.py line 30）；修复条件严格：分数需在68-80范围内（repair_score_band=12）才尝试修复；分数<68直接丢弃连修的机会都没有,将max_repair_rounds提至2；repair_score_band提至20（即分数60-80都可修复）；同时避免对过低分题（<50）浪费修复资源,backend/question_library/generation.py,可修复范围从68-80扩大到60-80；更多接近合格线的题目通过修复后达标；整体产出率提升约15%,yes
196,AI出题-质量,根因分析,P1,drafts_per_spec=2且beam_width=8导致候选数量不足,默认每个spec只生成2个草稿（generation.py line 36）；max_specs受beam_width=8限制；假设用户要5道题则max_specs=min(10/8)=8个规格×2草稿=16候选；通过率25%约4道不够5道,将drafts_per_spec从2提至3（候选从16增至24）；或将beam_width从8提至12；同时候选不足时可自动扩展beam再生成而非直接返回空,backend/question_library/generation.py,候选数量增加50%；请求5道题时零产出（raise no_questions_generated）的概率大幅下降,yes
197,AI出题-质量,根因分析,P2,LLM调用层隐藏失败导致静默降级,DeepSeek模型非流式时禁用reasoning（llm_client.py line 584-585）可能导致返回空content触发empty_content_drop_reasoning重试但质量下降；realize_drafts的raise_on_fail=True在retries=3全部失败后抛异常但外层generate_questions未捕获单个spec的异常导致整批失败,对realize_drafts的调用增加per-spec异常捕获：单个spec失败不影响其他spec继续生成；LLM返回空content时增加结构化日志记录（含req_id/model/provider）便于排查,backend/core/llm_client.py; backend/question_library/generation.py,单个spec的LLM失败不阻塞整批生成；LLM空响应有结构化日志可观测,yes

198,AI出题-会话层,本次方案,P0,新增AI出题session持久层,当前task_events能回看阶段但preview会被discard删除且AI出题页没有专属会话历史无法保证每次任务都能完整回看,新增generation session存储并保存session_id 输入要求 模式 知识点选择 task_ids 草稿题 reasoning块与审查状态；提供session列表与详情接口,backend/api/question_library.py; backend/question_library/preview_store.py; backend/database/schema.py; backend/database/repositories/tasks.py,AI出题页可列出历史会话并恢复任一会话的草稿 流程与reasoning,yes
199,AI出题-会话层,本次方案,P0,discard改归档而非物理删除,现有discard_preview直接删除preview文件与每次任务都有记录的目标冲突,将discard改为archived_discarded状态并保留会话快照；commit后也保留committed快照；补充stop和archive语义,backend/api/question_library.py; backend/question_library/preview_store.py,已丢弃与已入库会话都能在历史中回看,yes
200,AI出题-reasoning,本次方案,P0,生成链路透传原始reason流,question_library generation中的关键LLM调用统一设置为reasoning.exclude=True且stream=False导致前端拿不到模型reason,为build_source_pack realize_drafts judge repair等调用增加stream reasoning配置和on_reasoning_delta回调；generate SSE新增reasoning_delta事件并写入task_events与session快照,backend/question_library/generation.py; backend/api/question_library.py; backend/core/llm_client.py,生成过程中前端可实时看到模型reason文本且任务中心可回放reasoning,yes
201,AI出题-reasoning,本次方案,P1,reason流降级与安全展示,不同模型或供应商可能不给reasoning直接硬展示会出现空白或体验跳变,前端区分原始reason与trace降级态；后端在无reason时明确发出capability或fallback事件；UI标注当前为原始reason或事件级trace,backend/api/question_library.py; frontend/src/pages/aiGenerate/AiGenerateStudioPage.tsx; frontend/src/components/task/taskEventAdapter.ts,无reason供应商下页面仍能稳定展示流程且用户能知道是降级模式,yes
202,AI出题-前端工作台,本次方案,P0,AI出题页重构为三栏透明工作台,当前页面只有mission bar 加题目流和右侧摘要无法承载顶部流程台 底部对话输入和页内历史,重构为左侧会话列 中部工作台 右侧知识点树；中部再拆为顶部工作栏和流程区 中间题目流 底部对话式输入区,frontend/src/pages/aiGenerate/AiGenerateStudioPage.tsx; frontend/src/components/layout/ManusLayout.tsx,AI出题页可同时看到历史会话 流程reason 题目流与输入区,yes
203,AI出题-前端工作台,本次方案,P1,顶部流程栏整合任务时间线与reason console,现有ContextRail和RunPanel分散显示任务状态且与题目流割裂,把TaskProgressHeader TaskTimeline与reason console整合到AI出题页顶部工作栏并支持折叠 展开 跳转任务中心,frontend/src/pages/aiGenerate/ContextRail.tsx; frontend/src/pages/questionLibrary/RunPanel.tsx; frontend/src/components/task/TaskTimeline.tsx,用户在同一视口内即可看到进度 阶段 明细reason与任务跳转,yes
204,AI出题-前端工作台,本次方案,P1,底部改为对话式要求输入区,当前MissionComposer是表单式顶部输入不符合下面对话框提要求的目标,新增底部chat composer并保留学科 难度 题量 模式等控制；启动 停止 继续都从该输入区触发,frontend/src/pages/aiGenerate/MissionComposer.tsx; frontend/src/pages/aiGenerate/AiGenerateStudioPage.tsx,用户可像对话一样提交要求并启动或停止任务,yes
205,AI出题-知识点树,本次方案,P0,新增全学科通用知识点树接口,仓库只有学科 年级 教材版本筛选接口没有章节-知识点树无法支撑右栏组卷网式多选,新增subjects knowledge-tree接口并返回统一节点结构；按学科 年级 教材版本解析可选章节与知识点并缓存,backend/api/subjects.py; backend/crawler/zujuan/client.py; backend/crawler/zujuan/search.py,所有现有学科都能返回统一协议的知识点树数据,yes
206,AI出题-知识点树,本次方案,P1,右侧实现组卷网式知识点树多选面板,现有右栏只有任务摘要没有教材树与多知识点选择能力,新增教材切换 章节点折叠 叶子多选 已选统计与快速清空；视觉样式参照组卷网页面,frontend/src/pages/aiGenerate/ContextRail.tsx; frontend/src/hooks/useSubjects.ts; frontend/src/api/subjects.ts,右栏可像组卷网一样多选知识点并把选择状态持久到session,yes
207,AI出题-无限模式,本次方案,P0,扩展生成接口支持standard和infinite模式,当前generate接口只支持单次整批生成 topic仅为自由文本且done后结束,扩展generate请求增加session_id mode grade_id textbook_version_id knowledge_point_ids knowledge_points append与stream_reasoning字段；支持同一session多次追加生成,backend/api/question_library_schemas.py; backend/api/question_library.py,接口可在同一session下持续追加新题并区分普通模式与无限模式,yes
208,AI出题-无限模式,本次方案,P0,无限模式持续追加待审题直到用户停止,现有前端session模型默认一次任务结束后仅保留固定draft列表,新增无限模式控制器：按所选知识点循环分批生成并把新题追加到当前待审流；用户停止后保留所有已生成草稿不清空,frontend/src/pages/aiGenerate/useAiGenerateSession.ts; frontend/src/pages/questionLibrary/hooks/useQuestionLibraryTasks.ts; frontend/src/pages/aiGenerate/AiGenerateStudioPage.tsx,无限模式运行时题目持续追加且点击停止后不再新增但已有草稿完整保留,yes
209,AI出题-审查流,本次方案,P0,为AI生成题建立入库前必经审查状态机,当前AI题可直接确认并commit不符合带审查的题目页要求,为每道题增加待审查 审查中 通过 打回 已确认 已入库状态；未通过审查的题禁止确认与入库,backend/api/question_library.py; frontend/src/pages/aiGenerate/types.ts; frontend/src/pages/aiGenerate/useAiGenerateSession.ts,未审或打回题无法进入confirmed和commit流程,yes
210,AI出题-审查流,本次方案,P0,新增生成题单题审查页,现有好题鉴别偏批量评分而题目详情页没有正式审查动作,新增审查页路由并展示题干 答案 解析 审查维度 亮点 问题 总结以及通过 打回 局部重生成动作,frontend/src/App.tsx; frontend/src/pages/aiGenerate/QuestionReviewPage.tsx; frontend/src/api/questionLibrary.ts,用户可逐题进入审查页完成通过或打回并返回会话继续处理,yes
211,AI出题-审查流,本次方案,P1,复用好题鉴别rubric生成审查意见,当前question-evaluate能力是一次性批量评分未写回AI出题session,抽出question evaluate的维度和总结逻辑供AI生成题审查复用；新增review approve reject接口将结果写回session,backend/api/question_evaluate.py; backend/api/question_library.py; frontend/src/api/questionEvaluate.ts,审查页能给出结构化审查意见并把结论持久回session,yes
212,AI出题-验证,本次方案,P1,补齐透明工作台与无限模式测试,现有AI出题测试覆盖普通studio页面但未覆盖历史恢复 原始reason 无限追加和审查门禁,增加后端API测试与前端页面测试覆盖session恢复 reasoning_delta 无限模式停止 审查后才能commit等场景,backend/tests/test_question_library_api.py; frontend/src/pages/aiGenerate/__tests__; frontend/src/components/task/__tests__,关键新流程均有自动化测试且doctor或前端构建通过,yes


